material,HHI,SR,AR,Warning
BaSnS3,0.43861920208501176,0.2513823776924671,0.9994325379609544,
BaPrS3,0.782737734342092,0.44483549910687536,0.9994329718004339,
BaCeS3,0.782737734342092,0.44483549910687536,0.9993915401301519,
BaHfS3,0.4848783618667468,0.2538826841975744,0.9994374548083876,
BaZrS3,0.4848783618667468,0.2538826841975744,0.9993203181489515,
BaUS3,0.29528785074421093,0.16785225173924911,0.9994396240057846,"Warning: Not all elements found in HHI data for the compound BaUS3, the elements found are: ['Ba' 'S']"
BaUSe3,0.500880822848284,0.28116251616056354,0.9996926608821403,"Warning: Not all elements found in HHI data for the compound BaUSe3, the elements found are: ['Ba' 'Se']"
EuSnS3,0.7317016217087726,0.41587908807008356,0.9997383947939262,
PrEuS3,1.075820153965853,0.6093322094844918,0.9997388286334057,
PrEuSe3,1.2814131260699257,0.7226424739058063,0.9999918655097614,
CeEuS3,1.075820153965853,0.6093322094844918,0.9996973969631237,
CeEuSe3,1.2814131260699257,0.7226424739058063,0.9999504338394795,
YbEuS3,1.075820153965853,0.6093322094844918,0.9997431670281997,
YbEuSe3,1.2814131260699257,0.7226424739058063,0.9999962039045553,
EuYS3,1.075820153965853,0.6093322094844918,0.9997216196673898,
EuYSe3,1.2814131260699257,0.7226424739058063,0.9999746565437455,
EuDyS3,1.075820153965853,0.6093322094844918,0.9997417208966016,
EuDySe3,1.2814131260699257,0.7226424739058063,0.9999947577729573,
EuTmS3,1.075820153965853,0.6093322094844918,0.9997451048445408,
EuTmSe3,1.2814131260699257,0.7226424739058063,0.9999981417208965,
EuLuS3,1.075820153965853,0.6093322094844918,0.9997449023861171,
EuLuSe3,1.2814131260699257,0.7226424739058063,0.9999979392624728,
EuScS3,1.586280889414111,0.899135507047661,0.9997295733911785,
EuTlS3,0.5883702703679718,0.3323489621168656,0.9997448662328271,"Warning: Not all elements found in HHI data for the compound EuTlS3, the elements found are: [list(['La', 'Ce', 'Pr', 'Nd', 'Pm', 'Sm', 'Eu', 'Gd', 'Tb', 'Dy', 'Ho', 'Er', 'Tm', 'Yb', 'Lu', 'Y', 'Sc'])
 'S']"
EuHfS3,0.7779607814905077,0.4183793945751909,0.9997433116413593,
EuZrS3,0.7779607814905077,0.4183793945751909,0.9996261749819233,
TbEuS3,1.075820153965853,0.6093322094844918,0.9997446131597975,
TbEuSe3,1.2814131260699257,0.7226424739058063,0.9999976500361533,
EuUS3,0.5883702703679718,0.3323489621168656,0.9997454808387563,"Warning: Not all elements found in HHI data for the compound EuUS3, the elements found are: [list(['La', 'Ce', 'Pr', 'Nd', 'Pm', 'Sm', 'Eu', 'Gd', 'Tb', 'Dy', 'Ho', 'Er', 'Tm', 'Yb', 'Lu', 'Y', 'Sc'])
 'S']"
EuUSe3,0.7939632424720449,0.44565922653818,0.999998517715112,"Warning: Not all elements found in HHI data for the compound EuUSe3, the elements found are: [list(['La', 'Ce', 'Pr', 'Nd', 'Pm', 'Sm', 'Eu', 'Gd', 'Tb', 'Dy', 'Ho', 'Er', 'Tm', 'Yb', 'Lu', 'Y', 'Sc'])
 'Se']"
EuInS3,1.0825497970749989,0.6087307852109838,0.9997453000723066,
EuInSe3,1.288142769179072,0.7220410496322982,0.9999983369486624,
SnPbS3,0.48437804133288054,0.27364311398694974,0.9997297180043384,
PrPbS3,0.8284965735899608,0.4670962354013581,0.9997301518438179,
CePbS3,0.8284965735899608,0.4670962354013581,0.9996887201735358,
HfPbS3,0.5306372011146155,0.27614342049205703,0.9997346348517716,
ZrPbS3,0.5306372011146155,0.27614342049205703,0.9996174981923355,
SrSnS3,0.5811631767394583,0.3363842698738597,0.9994723065798987,
SrPrS3,0.9252817089965384,0.529837391288268,0.9994727404193782,
SrCeS3,0.9252817089965384,0.529837391288268,0.9994313087490961,
SrHfS3,0.6274223365211933,0.3388845763789671,0.9994772234273319,
SrZrS3,0.6274223365211933,0.3388845763789671,0.9993600867678958,
SrUS3,0.4378318253986574,0.25285414392064176,0.9994793926247288,"Warning: Not all elements found in HHI data for the compound SrUS3, the elements found are: ['Sr' 'S']"
SrUSe3,0.6434247975027304,0.3661644083419562,0.9997324295010847,"Warning: Not all elements found in HHI data for the compound SrUSe3, the elements found are: ['Se' 'Sr']"
CaSnS3,1.4609425431928962,0.8293833420899139,0.9697326102675343,
CaCeS3,1.8050610754499763,1.0228364635043223,0.9696916124367317,
CaUSe3,1.5232041639561682,0.8591634805580104,0.9699927331887203,
SnGeS3,0.2442517381108916,0.13889584070245725,0.9997387563268257,
SnGeSe3,0.4498447102149646,0.2522061051237717,0.9999917932031814,
VSnS3,0.7430686212036939,0.42636881698454887,0.9996530730296457,
VSnSe3,0.9486615933077669,0.5396790814058633,0.9999061099060014,
SnRhS3,0.446140405714782,0.272248858158849,0.9997398402024583,
SnRhSe3,0.651733377818855,0.38555912258016345,0.9999928770788141,
AlSnSe3,1.1872012265676826,0.6701932800931429,0.9404845625451915,
CeCdS3,0.7919107249997773,0.4420233233626265,0.9996987346348517,
UCdSe3,0.5100538135059692,0.2783503404163146,0.9999998553868402,"Warning: Not all elements found in HHI data for the compound UCdSe3, the elements found are: ['Cd' 'Se']"
PrCuS3,0.6809501483378293,0.3841800661151734,0.9996968908170644,
PrCuSe3,0.8865431204419023,0.4974903305364878,0.9999499276934202,
CeCuSe3,0.8865431204419023,0.4974903305364878,0.9999084960231381,
ScCuSe3,1.3970038558901603,0.7872936280996569,0.999940672451193,
TlCuSe3,0.3990932368440212,0.22050708316886147,0.9999559652928416,"Warning: Not all elements found in HHI data for the compound TlCuSe3, the elements found are: ['Cu' 'Se']"
HfCuS3,0.3830907758624842,0.19322725120587236,0.999701373825018,
HfCuSe3,0.5886837479665571,0.3065375156271868,0.9999544107013737,
ZrCuS3,0.3830907758624842,0.19322725120587236,0.999584237165582,
ZrCuSe3,0.5886837479665571,0.3065375156271868,0.9998372740419378,
PrMgS3,3.1125450520989837,1.6577900500916007,0.98289284164859,
CeMgS3,3.1125450520989837,1.6577900500916007,0.982851409978308,
HfMgS3,2.8146856796236386,1.4668372351822996,0.9828973246565438,
MgZrS3,2.8146856796236386,1.4668372351822996,0.9827801879971076,
TaZnS3,0.5500076222691654,0.340861169409698,0.9996948662328271,
TaZnSe3,0.7556005943732385,0.45417143383101244,0.9999479031091828,
NbZnS3,1.1335715195775442,0.6320715179876752,0.9996818510484454,
NbZnSe3,1.3391644916816172,0.7453817824089897,0.9999348879248012,
TbZnS3,0.7593601154756247,0.427966176709568,0.9996954446854663,
TbZnSe3,0.9649530875796977,0.5412764411308824,0.9999484815618221,
LaScS3,1.586280889414111,0.899135507047661,0.999702819956616,
LaTlS3,0.5883702703679718,0.3323489621168656,0.9997181127982646,"Warning: Not all elements found in HHI data for the compound LaTlS3, the elements found are: [list(['La', 'Ce', 'Pr', 'Nd', 'Pm', 'Sm', 'Eu', 'Gd', 'Tb', 'Dy', 'Ho', 'Er', 'Tm', 'Yb', 'Lu', 'Y', 'Sc'])
 'S']"
LaHfS3,0.7779607814905077,0.4183793945751909,0.9997165582067967,
LaZrS3,0.7779607814905077,0.4183793945751909,0.9995994215473608,
LaTbS3,1.075820153965853,0.6093322094844918,0.999717859725235,
LaTbSe3,1.2814131260699257,0.7226424739058063,0.9999708966015907,
LaInS3,1.0825497970749989,0.6087307852109838,0.9997185466377441,
LaInSe3,1.288142769179072,0.7220410496322982,0.9999715835140998,
PrLuSe3,1.2814131260699257,0.7226424739058063,0.9999927331887202,
PrScS3,1.586280889414111,0.899135507047661,0.9997243673174259,
PrTlS3,0.5883702703679718,0.3323489621168656,0.9997396601590745,"Warning: Not all elements found in HHI data for the compound PrTlS3, the elements found are: [list(['La', 'Ce', 'Pr', 'Nd', 'Pm', 'Sm', 'Eu', 'Gd', 'Tb', 'Dy', 'Ho', 'Er', 'Tm', 'Yb', 'Lu', 'Y', 'Sc'])
 'S']"
TbPrS3,1.075820153965853,0.6093322094844918,0.9997394070860448,
TbPrSe3,1.2814131260699257,0.7226424739058063,0.9999924439624005,
PrUSe3,0.7939632424720449,0.44565922653818,0.9999933116413593,"Warning: Not all elements found in HHI data for the compound PrUSe3, the elements found are: [list(['La', 'Ce', 'Pr', 'Nd', 'Pm', 'Sm', 'Eu', 'Gd', 'Tb', 'Dy', 'Ho', 'Er', 'Tm', 'Yb', 'Lu', 'Y', 'Sc'])
 'Se']"
PrInS3,1.0825497970749989,0.6087307852109838,0.9997400939985539,
PrInSe3,1.288142769179072,0.7220410496322982,0.9999931308749096,
CeSmS3,1.075820153965853,0.6093322094844918,0.9996937454808387,
CeSmSe3,1.2814131260699257,0.7226424739058063,0.9999467823571945,
CeYSe3,1.2814131260699257,0.7226424739058063,0.9999280187997108,
CeTmS3,1.075820153965853,0.6093322094844918,0.9996984671005061,
CeTmSe3,1.2814131260699257,0.7226424739058063,0.9999515039768618,
CeLuS3,1.075820153965853,0.6093322094844918,0.9996982646420824,
CeLuSe3,1.2814131260699257,0.7226424739058063,0.9999513015184381,
CeScS3,1.586280889414111,0.899135507047661,0.9996829356471438,
CeBiS3,1.26864205643566,0.7182430107695881,0.9996988369486624,
CeBiSe3,1.4742350285397328,0.8315532751909025,0.999951873825018,
CeUS3,0.5883702703679718,0.3323489621168656,0.9996988430947216,"Warning: Not all elements found in HHI data for the compound CeUS3, the elements found are: [list(['La', 'Ce', 'Pr', 'Nd', 'Pm', 'Sm', 'Eu', 'Gd', 'Tb', 'Dy', 'Ho', 'Er', 'Tm', 'Yb', 'Lu', 'Y', 'Sc'])
 'S']"
CeUSe3,0.7939632424720449,0.44565922653818,0.9999518799710773,"Warning: Not all elements found in HHI data for the compound CeUSe3, the elements found are: [list(['La', 'Ce', 'Pr', 'Nd', 'Pm', 'Sm', 'Eu', 'Gd', 'Tb', 'Dy', 'Ho', 'Er', 'Tm', 'Yb', 'Lu', 'Y', 'Sc'])
 'Se']"
CeInS3,1.0825497970749989,0.6087307852109838,0.9996986623282719,
CeInSe3,1.288142769179072,0.7220410496322982,0.9999516992046277,
NdTaS3,0.8664676607593939,0.5222272021846219,0.9997154736080983,
NdHfS3,0.7779607814905077,0.4183793945751909,0.9997147505422994,
NdZrSe3,0.9835537535945807,0.5316896589965053,0.999850650759219,
YbSmS3,1.075820153965853,0.6093322094844918,0.9997395155459147,
YbSmSe3,1.2814131260699257,0.7226424739058063,0.9999925524222704,
YbBiS3,1.26864205643566,0.7182430107695881,0.9997446070137382,
YbBiSe3,1.4742350285397328,0.8315532751909025,0.999997643890094,
GdScS3,1.586280889414111,0.899135507047661,0.9997265365148228,
GdTlS3,0.5883702703679718,0.3323489621168656,0.9997418293564714,"Warning: Not all elements found in HHI data for the compound GdTlS3, the elements found are: [list(['La', 'Ce', 'Pr', 'Nd', 'Pm', 'Sm', 'Eu', 'Gd', 'Tb', 'Dy', 'Ho', 'Er', 'Tm', 'Yb', 'Lu', 'Y', 'Sc'])
 'S']"
GdZrS3,0.7779607814905077,0.4183793945751909,0.9996231381055676,
TbGdS3,1.075820153965853,0.6093322094844918,0.9997415762834417,
TbGdSe3,1.2814131260699257,0.7226424739058063,0.9999946131597975,
GdInS3,1.0825497970749989,0.6087307852109838,0.9997422631959508,
GdInSe3,1.288142769179072,0.7220410496322982,0.9999953000723066,
SmYS3,1.075820153965853,0.6093322094844918,0.9997179681851048,
SmYSe3,1.2814131260699257,0.7226424739058063,0.9999710050614605,
SmDyS3,1.075820153965853,0.6093322094844918,0.9997380694143168,
SmDySe3,1.2814131260699257,0.7226424739058063,0.9999911062906724,
SmTmS3,1.075820153965853,0.6093322094844918,0.999741453362256,
SmTmSe3,1.2814131260699257,0.7226424739058063,0.9999944902386116,
SmLuS3,1.075820153965853,0.6093322094844918,0.9997412509038323,
SmLuSe3,1.2814131260699257,0.7226424739058063,0.9999942877801881,
SmScS3,1.586280889414111,0.899135507047661,0.9997259219088938,
SmTlS3,0.5883702703679718,0.3323489621168656,0.9997412147505423,"Warning: Not all elements found in HHI data for the compound SmTlS3, the elements found are: [list(['La', 'Ce', 'Pr', 'Nd', 'Pm', 'Sm', 'Eu', 'Gd', 'Tb', 'Dy', 'Ho', 'Er', 'Tm', 'Yb', 'Lu', 'Y', 'Sc'])
 'S']"
SmHfS3,0.7779607814905077,0.4183793945751909,0.9997396601590745,
SmZrS3,0.7779607814905077,0.4183793945751909,0.9996225234996384,
TbSmS3,1.075820153965853,0.6093322094844918,0.9997409616775127,
TbSmSe3,1.2814131260699257,0.7226424739058063,0.9999939985538684,
SmUS3,0.5883702703679718,0.3323489621168656,0.9997418293564714,"Warning: Not all elements found in HHI data for the compound SmUS3, the elements found are: [list(['La', 'Ce', 'Pr', 'Nd', 'Pm', 'Sm', 'Eu', 'Gd', 'Tb', 'Dy', 'Ho', 'Er', 'Tm', 'Yb', 'Lu', 'Y', 'Sc'])
 'S']"
SmUSe3,0.7939632424720449,0.44565922653818,0.9999948662328272,"Warning: Not all elements found in HHI data for the compound SmUSe3, the elements found are: [list(['La', 'Ce', 'Pr', 'Nd', 'Pm', 'Sm', 'Eu', 'Gd', 'Tb', 'Dy', 'Ho', 'Er', 'Tm', 'Yb', 'Lu', 'Y', 'Sc'])
 'Se']"
SmInS3,1.0825497970749989,0.6087307852109838,0.9997416485900218,
SmInSe3,1.288142769179072,0.7220410496322982,0.9999946854663775,
YBiS3,1.26864205643566,0.7182430107695881,0.9997230596529284,
YBiSe3,1.4742350285397328,0.8315532751909025,0.9999760965292842,
DyScS3,1.586280889414111,0.899135507047661,0.9997272595806218,
DyTlS3,0.5883702703679718,0.3323489621168656,0.9997425524222704,"Warning: Not all elements found in HHI data for the compound DyTlS3, the elements found are: [list(['La', 'Ce', 'Pr', 'Nd', 'Pm', 'Sm', 'Eu', 'Gd', 'Tb', 'Dy', 'Ho', 'Er', 'Tm', 'Yb', 'Lu', 'Y', 'Sc'])
 'S']"
DyTlSe3,0.7939632424720449,0.44565922653818,0.9999955892986261,"Warning: Not all elements found in HHI data for the compound DyTlSe3, the elements found are: [list(['La', 'Ce', 'Pr', 'Nd', 'Pm', 'Sm', 'Eu', 'Gd', 'Tb', 'Dy', 'Ho', 'Er', 'Tm', 'Yb', 'Lu', 'Y', 'Sc'])
 'Se']"
DyZrS3,0.7779607814905077,0.4183793945751909,0.9996238611713665,
TbDySe3,1.2814131260699257,0.7226424739058063,0.9999953362255964,
DyInS3,1.0825497970749989,0.6087307852109838,0.9997429862617498,
DyInSe3,1.288142769179072,0.7220410496322982,0.9999960231381055,
TmBiS3,1.26864205643566,0.7182430107695881,0.9997465448300796,
TmBiSe3,1.4742350285397328,0.8315532751909025,0.9999995817064353,
LuBiS3,1.26864205643566,0.7182430107695881,0.9997463423716558,
LuBiSe3,1.4742350285397328,0.8315532751909025,0.9999993792480115,
ScBiS3,1.779102791883918,1.008046308332757,0.9997310133767172,
TbScS3,1.586280889414111,0.899135507047661,0.9997301518438179,
ScUS3,1.0988310058162298,0.6221522596800346,0.9997310195227765,
ScInSe3,1.79860350462733,1.0118443471954672,0.9999838756326825,
HfBiS3,0.9707826839603146,0.5272901958602871,0.9997447516268981,
ZrBiS3,0.9707826839603146,0.5272901958602871,0.999627614967462,
TbBiS3,1.26864205643566,0.7182430107695881,0.9997460531453362,
TbBiSe3,1.4742350285397328,0.8315532751909025,0.9999990900216918,
UBiS3,0.7811921728377788,0.4412597634019618,0.9997469208242951,"Warning: Not all elements found in HHI data for the compound UBiS3, the elements found are: ['Bi' 'S']"
UBiSe3,0.9867851449418518,0.5545700278232762,0.9999999577006508,"Warning: Not all elements found in HHI data for the compound UBiSe3, the elements found are: ['Bi' 'Se']"
InBiS3,1.275371699544806,0.7176415864960799,0.9997467400578453,
InBiSe3,1.480964671648879,0.8309518509173944,0.999999776934201,
VCrSe3,1.0606682134967422,0.6217581084760471,0.9998394432393347,
TaMoS3,0.6039898004445377,0.3665757920864826,0.9997446131597975,
TaMoSe3,0.8095827725486107,0.47988605650779703,0.9999976500361533,
NbMoS3,1.1875536977529164,0.6577861406644598,0.9997315979754157,
TbInS3,1.0825497970749989,0.6087307852109838,0.9997458785249457,
TbInSe3,1.288142769179072,0.7220410496322982,0.9999989154013015,
UInS3,0.5950999134771179,0.3317475378433574,0.9997467462039046,"Warning: Not all elements found in HHI data for the compound UInS3, the elements found are: ['In' 'S']"
UInSe3,0.8006928855811908,0.44505780226467184,0.9999997830802604,"Warning: Not all elements found in HHI data for the compound UInSe3, the elements found are: ['In' 'Se']"
CoNiSe3,1.183148160130002,0.74613412742666,0.9999211496746203,
CrNiS3,0.681765668813177,0.4047214774780886,0.9996124367317426,
CrNiSe3,0.88735864091725,0.518031741899403,0.9998654736080983,
GaFeSe3,2.3576294052119797,1.3239281546920663,0.9592776211135213,
CrGaS3,1.3188378151853817,0.7675071127665902,0.9996594360086767,
CrGaSe3,1.5244307872894547,0.8808173771879046,0.9999124728850325,
MnGaSe3,1.4928825316203267,0.8577666554927087,0.9992993130874909,
AlCrSe3,1.2992078467566577,0.7522723071633268,0.9404178958785249,
CrFeS3,1.4447949477521678,0.8296947983002043,0.9589645697758495,
CrFeSe3,1.6503879198562408,0.9430050627215187,0.9592176066522052,
MnFeSe3,1.6188396641871126,0.9199543410263229,0.9586044468546637,
